pair_type,question,edit_distance,cosine_sim,rel_diff_r,margin_delta,logp_positive,logp_negative,len_positive,len_negative
near_miss,Facts:  Alice is outrageous [PERIOD] Alice is sill...,51,0.6812170147895813,0.4253824055194855,0.03493857383728027,-2.4612526893615723,-2.4961912631988525,151,100
near_miss,Facts:  Alice is outrageous [PERIOD] Alice is sill...,32,0.6371698975563049,0.43102291226387024,0.020836591720581055,-2.4612526893615723,-2.4820892810821533,151,119
near_miss,Facts:  Alice is outrageous [PERIOD] Alice is sill...,34,0.6671492457389832,0.41208216547966003,-0.2938535213470459,-2.4612526893615723,-2.1673991680145264,151,117
random,Facts:  Alice is outrageous [PERIOD] Alice is sill...,317,0.19012591242790222,0.7405800819396973,-0.5895267724990845,-2.4612526893615723,-1.8717259168624878,151,425
hard,Facts:  Alice is outrageous [PERIOD] Alice is sill...,97,0.19155125319957733,0.6388050317764282,2.2622179985046387,-2.4612526893615723,-4.723470687866211,151,95
near_miss,Facts:  Alice is diplomatic [PERIOD] Alice is sinc...,36,0.6413828134536743,0.42676883935928345,-0.4964340925216675,-2.3462164402008057,-1.8497823476791382,133,97
near_miss,Facts:  Alice is diplomatic [PERIOD] Alice is sinc...,36,0.5634918212890625,0.46925389766693115,-0.3678966760635376,-2.3462164402008057,-1.978319764137268,133,97
near_miss,Facts:  Alice is diplomatic [PERIOD] Alice is sinc...,26,0.5827302932739258,0.4573436975479126,-0.7741900682449341,-2.3462164402008057,-1.5720263719558716,133,107
random,Facts:  Alice is diplomatic [PERIOD] Alice is sinc...,362,0.13305982947349548,0.7517237067222595,-0.5549509525299072,-2.3462164402008057,-1.7912654876708984,133,456
hard,Facts:  Alice is diplomatic [PERIOD] Alice is sinc...,80,0.21965289115905762,0.6267480254173279,3.0362884998321533,-2.3462164402008057,-5.382504940032959,133,91
near_miss,Facts:  Alice is distinct [PERIOD] Alice is strang...,23,0.6832146048545837,0.4176114797592163,-0.3418421745300293,-3.1913580894470215,-2.849515914916992,128,105
near_miss,Facts:  Alice is distinct [PERIOD] Alice is strang...,50,0.5207908749580383,0.5202266573905945,0.67293381690979,-3.1913580894470215,-3.8642919063568115,128,78
near_miss,Facts:  Alice is distinct [PERIOD] Alice is strang...,37,0.6367778182029724,0.44117727875709534,-0.12602901458740234,-3.1913580894470215,-3.065329074859619,128,91
random,Facts:  Alice is distinct [PERIOD] Alice is strang...,86,0.12679113447666168,0.6638924479484558,2.307131767272949,-3.1913580894470215,-5.498489856719971,128,85
hard,Facts:  Alice is distinct [PERIOD] Alice is strang...,84,0.2146657556295395,0.6468307971954346,1.8288383483886719,-3.1913580894470215,-5.020196437835693,128,139
near_miss,Facts:  Alice is condemned [PERIOD] Alice is fine ...,45,0.7706064581871033,0.35351720452308655,0.5483934879302979,-2.366762399673462,-2.9151558876037598,179,134
near_miss,Facts:  Alice is condemned [PERIOD] Alice is fine ...,32,0.670979917049408,0.4105958938598633,0.01308751106262207,-2.366762399673462,-2.379849910736084,179,147
near_miss,Facts:  Alice is condemned [PERIOD] Alice is fine ...,36,0.751643180847168,0.3577430844306946,0.46886730194091797,-2.366762399673462,-2.83562970161438,179,143
random,Facts:  Alice is condemned [PERIOD] Alice is fine ...,124,0.21133963763713837,0.6287936568260193,1.5479929447174072,-2.366762399673462,-3.914755344390869,179,142
hard,Facts:  Alice is condemned [PERIOD] Alice is fine ...,122,0.29878678917884827,0.606916606426239,3.0440189838409424,-2.366762399673462,-5.410781383514404,179,125
near_miss,Facts:  Alice is embarrassed [PERIOD] Alice is sel...,31,0.38901251554489136,0.6279336214065552,0.6369805335998535,-3.2218856811523438,-3.8588662147521973,43,12
near_miss,Facts:  Alice is embarrassed [PERIOD] Alice is sel...,17,0.4696056544780731,0.5159115791320801,-1.1037311553955078,-3.2218856811523438,-2.118154525756836,43,26
random,Facts:  Alice is embarrassed [PERIOD] Alice is sel...,475,0.16721442341804504,0.8681527376174927,-1.7114663124084473,-3.2218856811523438,-1.5104193687438965,43,517
hard,Facts:  Alice is embarrassed [PERIOD] Alice is sel...,74,0.29302549362182617,0.6714125871658325,1.813483715057373,-3.2218856811523438,-5.035369396209717,43,108
near_miss,"Facts:  Alice is rational [PERIOD]
Rules:
helpful ...",20,0.16165335476398468,0.6509965062141418,-0.5592995882034302,-2.2521097660064697,-1.6928101778030396,53,33
near_miss,"Facts:  Alice is rational [PERIOD]
Rules:
helpful ...",26,0.5133745074272156,0.6070095896720886,1.6937291622161865,-2.2521097660064697,-3.9458389282226562,53,27
near_miss,"Facts:  Alice is rational [PERIOD]
Rules:
helpful ...",22,0.7468583583831787,0.4287392795085907,0.9794480800628662,-2.2521097660064697,-3.231557846069336,53,31
random,"Facts:  Alice is rational [PERIOD]
Rules:
helpful ...",478,0.1974511295557022,0.7902353405952454,-0.6525952816009521,-2.2521097660064697,-1.5995144844055176,53,525
hard,"Facts:  Alice is rational [PERIOD]
Rules:
helpful ...",155,0.22285708785057068,0.6695438623428345,0.8987488746643066,-2.2521097660064697,-3.1508586406707764,53,201
near_miss,Facts:  Alice is bored [PERIOD] Alice is friendly ...,36,0.7337735295295715,0.39923095703125,0.037390947341918945,-2.3398025035858154,-2.3771934509277344,110,74
near_miss,Facts:  Alice is bored [PERIOD] Alice is friendly ...,57,0.4751693308353424,0.521590530872345,0.3257298469543457,-2.3398025035858154,-2.665532350540161,110,53
near_miss,Facts:  Alice is bored [PERIOD] Alice is friendly ...,23,0.5428070425987244,0.4852081835269928,-1.1299946308135986,-2.3398025035858154,-1.2098078727722168,110,87
random,Facts:  Alice is bored [PERIOD] Alice is friendly ...,354,0.15868757665157318,0.7586694359779358,-0.33189868927001953,-2.3398025035858154,-2.007903814315796,110,437
hard,Facts:  Alice is bored [PERIOD] Alice is friendly ...,178,0.14698617160320282,0.7086508274078369,0.20977258682250977,-2.3398025035858154,-2.549575090408325,110,251
near_miss,Facts:  Alice is easy [PERIOD] Alice is amused [PE...,35,0.6560434103012085,0.42234256863594055,-0.02095198631286621,-2.242814064025879,-2.2218620777130127,173,138
near_miss,Facts:  Alice is easy [PERIOD] Alice is amused [PE...,6,0.9355213642120361,0.184736430644989,0.5488431453704834,-2.242814064025879,-2.7916572093963623,173,177
near_miss,Facts:  Alice is easy [PERIOD] Alice is amused [PE...,39,0.7580189108848572,0.35843876004219055,0.32078075408935547,-2.242814064025879,-2.5635948181152344,173,134
random,Facts:  Alice is easy [PERIOD] Alice is amused [PE...,459,0.1798161268234253,0.7423054575920105,-0.01511073112487793,-2.242814064025879,-2.227703332901001,173,576
hard,Facts:  Alice is easy [PERIOD] Alice is amused [PE...,143,0.21964779496192932,0.6431237459182739,0.9612786769866943,-2.242814064025879,-3.2040927410125732,173,204
near_miss,Facts:  Alice is ugliest [PERIOD] Alice is preciou...,42,0.5948846340179443,0.4573774039745331,-0.0868678092956543,-2.273787498474121,-2.186919689178467,123,81
near_miss,Facts:  Alice is ugliest [PERIOD] Alice is preciou...,35,0.6435725688934326,0.42857596278190613,-0.019279956817626953,-2.273787498474121,-2.254507541656494,123,88
near_miss,Facts:  Alice is ugliest [PERIOD] Alice is preciou...,31,0.7285395264625549,0.39948636293411255,0.20861005783081055,-2.273787498474121,-2.4823975563049316,123,92
random,Facts:  Alice is ugliest [PERIOD] Alice is preciou...,238,0.12856008112430573,0.7211723923683167,0.3930392265319824,-2.273787498474121,-2.6668267250061035,123,320
hard,Facts:  Alice is ugliest [PERIOD] Alice is preciou...,86,0.1317068338394165,0.6747314929962158,2.5944156646728516,-2.273787498474121,-4.868203163146973,123,95
near_miss,Facts:  Alice is precious [PERIOD] Alice is helple...,25,0.4240182936191559,0.5600486993789673,0.8119406700134277,-2.7134599685668945,-3.5254006385803223,57,32
near_miss,Facts:  Alice is precious [PERIOD] Alice is helple...,27,0.5158767700195312,0.5589247345924377,1.9403438568115234,-2.7134599685668945,-4.653803825378418,57,30
near_miss,Facts:  Alice is precious [PERIOD] Alice is helple...,20,0.6276363730430603,0.44899892807006836,-0.3292868137359619,-2.7134599685668945,-2.3841731548309326,57,37
random,Facts:  Alice is precious [PERIOD] Alice is helple...,92,0.1688564568758011,0.6961510181427002,1.9763479232788086,-2.7134599685668945,-4.689807891845703,57,128
hard,Facts:  Alice is precious [PERIOD] Alice is helple...,147,0.18300893902778625,0.7343329191207886,0.46174049377441406,-2.7134599685668945,-3.1752004623413086,57,192
near_miss,Facts:  Alice is hypocritical [PERIOD] Alice is co...,26,0.5267200469970703,0.4870215654373169,-0.23409974575042725,-2.2182087898254395,-1.9841090440750122,139,113
near_miss,Facts:  Alice is hypocritical [PERIOD] Alice is co...,36,0.5023913979530334,0.5146711468696594,0.019577741622924805,-2.2182087898254395,-2.2377865314483643,139,103
near_miss,Facts:  Alice is hypocritical [PERIOD] Alice is co...,61,0.6482513546943665,0.47980058193206787,0.4482080936431885,-2.2182087898254395,-2.666416883468628,139,78
random,Facts:  Alice is hypocritical [PERIOD] Alice is co...,230,0.19479167461395264,0.6811202764511108,1.1884853839874268,-2.2182087898254395,-3.406694173812866,139,312
hard,Facts:  Alice is hypocritical [PERIOD] Alice is co...,95,0.19836190342903137,0.638331413269043,2.077373504638672,-2.2182087898254395,-4.295582294464111,139,132
near_miss,Facts:  Alice is elated [PERIOD] Alice is frighten...,39,0.5842965841293335,0.4571656882762909,-0.3477904796600342,-2.527362823486328,-2.179572343826294,182,143
near_miss,Facts:  Alice is elated [PERIOD] Alice is frighten...,64,0.5961340069770813,0.45910215377807617,-0.08540868759155273,-2.527362823486328,-2.4419541358947754,182,118
near_miss,Facts:  Alice is elated [PERIOD] Alice is frighten...,58,0.504950761795044,0.5083945393562317,0.02762436866760254,-2.527362823486328,-2.5549871921539307,182,124
random,Facts:  Alice is elated [PERIOD] Alice is frighten...,133,0.1626940816640854,0.6476258039474487,3.9110450744628906,-2.527362823486328,-6.438407897949219,182,84
hard,Facts:  Alice is elated [PERIOD] Alice is frighten...,158,0.15590083599090576,0.702296793460846,0.5805284976959229,-2.527362823486328,-3.107891321182251,182,233
near_miss,Facts:  Alice is joyous [PERIOD] Alice is stormy [...,41,0.8375076651573181,0.3781055510044098,0.947821855545044,-2.3425681591033936,-3.2903900146484375,97,56
near_miss,Facts:  Alice is joyous [PERIOD] Alice is stormy [...,29,0.5443530678749084,0.48225969076156616,0.3495488166809082,-2.3425681591033936,-2.6921169757843018,97,68
near_miss,Facts:  Alice is joyous [PERIOD] Alice is stormy [...,23,0.6419024467468262,0.43021896481513977,-0.379469633102417,-2.3425681591033936,-1.9630985260009766,97,74
random,Facts:  Alice is joyous [PERIOD] Alice is stormy [...,305,0.1972065567970276,0.7554515600204468,-0.2757563591003418,-2.3425681591033936,-2.0668118000030518,97,373
hard,Facts:  Alice is joyous [PERIOD] Alice is stormy [...,109,0.3786616623401642,0.6158044338226318,1.0513758659362793,-2.3425681591033936,-3.393944025039673,97,153
near_miss,Facts:  Alice is proud [PERIOD] Alice is pessimist...,17,0.1531275510787964,0.6624447703361511,-0.2512969970703125,-5.222579479217529,-4.971282482147217,34,17
near_miss,Facts:  Alice is proud [PERIOD] Alice is pessimist...,22,0.4967804253101349,0.5717816352844238,-1.1426663398742676,-5.222579479217529,-4.079913139343262,34,12
random,Facts:  Alice is proud [PERIOD] Alice is pessimist...,296,0.321255087852478,0.8238222599029541,-2.876699686050415,-5.222579479217529,-2.3458797931671143,34,328
hard,Facts:  Alice is proud [PERIOD] Alice is pessimist...,69,0.4485839903354645,0.6000289916992188,0.3253011703491211,-5.222579479217529,-5.54788064956665,34,102
near_miss,Facts:  Alice is victorious [PERIOD] Alice is mean...,45,0.6241911053657532,0.43423452973365784,-0.297088623046875,-2.5439252853393555,-2.2468366622924805,223,178
near_miss,Facts:  Alice is victorious [PERIOD] Alice is mean...,35,0.645065426826477,0.42224520444869995,-0.7469335794448853,-2.5439252853393555,-1.7969917058944702,223,188
near_miss,Facts:  Alice is victorious [PERIOD] Alice is mean...,41,0.5709071755409241,0.4670003354549408,-0.38656187057495117,-2.5439252853393555,-2.1573634147644043,223,182
random,Facts:  Alice is victorious [PERIOD] Alice is mean...,162,0.09907304495573044,0.6941598057746887,0.6274724006652832,-2.5439252853393555,-3.1713976860046387,223,240
hard,Facts:  Alice is victorious [PERIOD] Alice is mean...,136,0.2109171748161316,0.6283833384513855,1.7916507720947266,-2.5439252853393555,-4.335576057434082,223,146
near_miss,Facts:  Alice is impatient [PERIOD] Alice is popul...,20,0.7300479412078857,0.39423567056655884,-0.375516414642334,-2.842597723007202,-2.467081308364868,82,62
near_miss,Facts:  Alice is impatient [PERIOD] Alice is popul...,42,0.5131601095199585,0.5112162232398987,0.8401901721954346,-2.842597723007202,-3.6827878952026367,82,40
near_miss,Facts:  Alice is impatient [PERIOD] Alice is popul...,35,0.5016731023788452,0.5260909795761108,1.1051311492919922,-2.842597723007202,-3.9477288722991943,82,47
random,Facts:  Alice is impatient [PERIOD] Alice is popul...,62,0.12581327557563782,0.6927635073661804,3.155845880508423,-2.842597723007202,-5.998443603515625,82,96
hard,Facts:  Alice is impatient [PERIOD] Alice is popul...,127,0.12347656488418579,0.7526870965957642,0.5552375316619873,-2.842597723007202,-3.3978352546691895,82,185
near_miss,Facts:  Alice is easy [PERIOD] Alice is comfortabl...,48,0.6604633927345276,0.43560367822647095,0.24811959266662598,-1.7264474630355835,-1.9745670557022095,188,140
near_miss,Facts:  Alice is easy [PERIOD] Alice is comfortabl...,42,0.7312378287315369,0.4021839201450348,0.12831521034240723,-1.7264474630355835,-1.8547626733779907,188,146
near_miss,Facts:  Alice is easy [PERIOD] Alice is comfortabl...,40,0.6346583366394043,0.4412517845630646,-0.07434415817260742,-1.7264474630355835,-1.652103304862976,188,148
random,Facts:  Alice is easy [PERIOD] Alice is comfortabl...,269,0.21110272407531738,0.6599374413490295,0.8763304948806763,-1.7264474630355835,-2.6027779579162598,188,380
hard,Facts:  Alice is easy [PERIOD] Alice is comfortabl...,185,0.10613564401865005,0.6756089925765991,1.2530573606491089,-1.7264474630355835,-2.9795048236846924,188,281
near_miss,Facts:  Alice is clumsy [PERIOD] Alice is distinct...,17,0.256445050239563,0.6523285508155823,0.565340518951416,-3.9537391662597656,-4.519079685211182,34,17
near_miss,Facts:  Alice is clumsy [PERIOD] Alice is distinct...,22,0.5416342616081238,0.5650491714477539,0.2211146354675293,-3.9537391662597656,-4.174853801727295,34,12
random,Facts:  Alice is clumsy [PERIOD] Alice is distinct...,25,0.4304051101207733,0.5370050072669983,2.9698386192321777,-3.9537391662597656,-6.923577785491943,34,47
hard,Facts:  Alice is clumsy [PERIOD] Alice is distinct...,118,0.39107444882392883,0.7040764689445496,-0.4747748374938965,-3.9537391662597656,-3.478964328765869,34,150
near_miss,Facts:  Alice is easy [PERIOD] Alice is old-fashio...,35,0.8186289072036743,0.3091697096824646,0.5226607322692871,-2.518953800201416,-3.041614532470703,111,76
near_miss,Facts:  Alice is easy [PERIOD] Alice is old-fashio...,28,0.4924760162830353,0.5044150948524475,0.7489454746246338,-2.518953800201416,-3.26789927482605,111,83
near_miss,Facts:  Alice is easy [PERIOD] Alice is old-fashio...,26,0.7028471827507019,0.3888985812664032,-0.08951640129089355,-2.518953800201416,-2.4294373989105225,111,85
random,Facts:  Alice is easy [PERIOD] Alice is old-fashio...,137,0.1005372405052185,0.7377335429191589,0.5108225345611572,-2.518953800201416,-3.0297763347625732,111,191
hard,Facts:  Alice is easy [PERIOD] Alice is old-fashio...,72,0.14452901482582092,0.6647861003875732,2.5603137016296387,-2.518953800201416,-5.079267501831055,111,91
near_miss,Facts:  Alice is busy [PERIOD] Alice is ambitious ...,17,0.6523569822311401,0.4550265371799469,0.009121417999267578,-3.476581573486328,-3.4857029914855957,53,36
near_miss,Facts:  Alice is busy [PERIOD] Alice is ambitious ...,41,0.22078223526477814,0.6360018253326416,0.044682979583740234,-3.476581573486328,-3.5212645530700684,53,12
random,Facts:  Alice is busy [PERIOD] Alice is ambitious ...,498,0.10662667453289032,0.8946650624275208,-1.8090301752090454,-3.476581573486328,-1.6675513982772827,53,551
hard,Facts:  Alice is busy [PERIOD] Alice is ambitious ...,72,0.1740032136440277,0.7288029789924622,0.9338259696960449,-3.476581573486328,-4.410407543182373,53,111
near_miss,Facts:  Alice is rational [PERIOD] Alice is disobe...,29,0.45651960372924805,0.5227913856506348,-0.13211959600448608,-0.9423544406890869,-0.8102348446846008,215,186
near_miss,Facts:  Alice is rational [PERIOD] Alice is disobe...,48,0.7325670123100281,0.36684298515319824,-0.04351121187210083,-0.9423544406890869,-0.8988432288169861,215,167
near_miss,Facts:  Alice is rational [PERIOD] Alice is disobe...,65,0.6574727892875671,0.42683008313179016,0.17497551441192627,-0.9423544406890869,-1.1173299551010132,215,150
random,Facts:  Alice is rational [PERIOD] Alice is disobe...,207,0.16735324263572693,0.6464850902557373,1.5919952392578125,-0.9423544406890869,-2.5343496799468994,215,298
hard,Facts:  Alice is rational [PERIOD] Alice is disobe...,146,0.17608842253684998,0.6654110550880432,3.7382171154022217,-0.9423544406890869,-4.680571556091309,215,135
near_miss,Facts:  Alice is ambitious [PERIOD] Alice is alert...,28,0.5425957441329956,0.5237486958503723,-0.2988165616989136,-2.0618784427642822,-1.7630618810653687,123,95
near_miss,Facts:  Alice is ambitious [PERIOD] Alice is alert...,49,0.5742909908294678,0.5625876188278198,0.5187385082244873,-2.0618784427642822,-2.5806169509887695,123,74
near_miss,Facts:  Alice is ambitious [PERIOD] Alice is alert...,23,0.6594569683074951,0.42168426513671875,-0.4687548875808716,-2.0618784427642822,-1.5931235551834106,123,100
random,Facts:  Alice is ambitious [PERIOD] Alice is alert...,298,0.19587039947509766,0.7399870157241821,0.4418680667877197,-2.0618784427642822,-2.503746509552002,123,385
hard,Facts:  Alice is ambitious [PERIOD] Alice is alert...,187,0.2007736712694168,0.6885920763015747,0.8950903415679932,-2.0618784427642822,-2.9569687843322754,123,267
near_miss,Facts:  Alice is fine [PERIOD] Alice is powerful [...,25,0.4597741961479187,0.5896508693695068,-0.20461606979370117,-3.796329975128174,-3.5917139053344727,37,12
near_miss,Facts:  Alice is fine [PERIOD] Alice is powerful [...,17,0.33273401856422424,0.6249248385429382,0.3494243621826172,-3.796329975128174,-4.145754337310791,37,20
random,Facts:  Alice is fine [PERIOD] Alice is powerful [...,24,0.4222683012485504,0.5444902181625366,2.367480754852295,-3.796329975128174,-6.163810729980469,37,46
hard,Facts:  Alice is fine [PERIOD] Alice is powerful [...,157,0.3349343538284302,0.6936545372009277,-0.25472259521484375,-3.796329975128174,-3.54160737991333,37,188
near_miss,Facts:  Alice is innocent [PERIOD] Alice is tired ...,52,0.7240380048751831,0.3947334289550781,0.3255646228790283,-2.149441957473755,-2.475006580352783,187,135
near_miss,Facts:  Alice is innocent [PERIOD] Alice is tired ...,43,0.5851070880889893,0.46365708112716675,0.27733802795410156,-2.149441957473755,-2.4267799854278564,187,144
near_miss,Facts:  Alice is innocent [PERIOD] Alice is tired ...,50,0.5656906366348267,0.473452627658844,-0.1681896448135376,-2.149441957473755,-1.9812523126602173,187,137
random,Facts:  Alice is innocent [PERIOD] Alice is tired ...,385,0.14460153877735138,0.7403278350830078,-0.26103806495666504,-2.149441957473755,-1.8884038925170898,187,501
hard,Facts:  Alice is innocent [PERIOD] Alice is tired ...,129,0.17979134619235992,0.6412933468818665,2.2052419185638428,-2.149441957473755,-4.354683876037598,187,150
near_miss,Facts:  Alice is inquisitive [PERIOD] Alice is wor...,27,0.5603116750717163,0.46972236037254333,-0.0809786319732666,-2.8535258769989014,-2.7725472450256348,113,86
near_miss,Facts:  Alice is inquisitive [PERIOD] Alice is wor...,23,0.6777642965316772,0.4084920883178711,-0.10654759407043457,-2.8535258769989014,-2.746978282928467,113,90
near_miss,Facts:  Alice is inquisitive [PERIOD] Alice is wor...,40,0.825265645980835,0.37034621834754944,1.4861695766448975,-2.8535258769989014,-4.339695453643799,113,73
random,Facts:  Alice is inquisitive [PERIOD] Alice is wor...,133,0.28008994460105896,0.6817598342895508,0.6267719268798828,-2.8535258769989014,-3.480297803878784,113,196
hard,Facts:  Alice is inquisitive [PERIOD] Alice is wor...,173,0.24277089536190033,0.7326244115829468,0.4360475540161133,-2.8535258769989014,-3.2895734310150146,113,249
near_miss,Facts:  Alice is elated [PERIOD] Alice is popular ...,26,0.5174434781074524,0.5560722947120667,1.002361536026001,-3.436950922012329,-4.43931245803833,69,43
near_miss,Facts:  Alice is elated [PERIOD] Alice is popular ...,38,0.8040705323219299,0.56560218334198,3.1901538372039795,-3.436950922012329,-6.627104759216309,69,31
near_miss,Facts:  Alice is elated [PERIOD] Alice is popular ...,20,0.5385153293609619,0.5245948433876038,0.7032444477081299,-3.436950922012329,-4.140195369720459,69,49
random,Facts:  Alice is elated [PERIOD] Alice is popular ...,613,0.10134689509868622,0.8489874601364136,-1.8646539449691772,-3.436950922012329,-1.5722969770431519,69,678
hard,Facts:  Alice is elated [PERIOD] Alice is popular ...,107,0.21191826462745667,0.7076007723808289,0.15668487548828125,-3.436950922012329,-3.5936357975006104,69,158
near_miss,Facts:  Alice is rude [PERIOD] Alice is fine [PERI...,34,0.3827778100967407,0.588172972202301,1.5538537502288818,-2.6439435482025146,-4.1977972984313965,80,46
near_miss,Facts:  Alice is rude [PERIOD] Alice is fine [PERI...,41,0.7116206288337708,0.4291420578956604,0.5815391540527344,-2.6439435482025146,-3.225482702255249,80,39
near_miss,Facts:  Alice is rude [PERIOD] Alice is fine [PERI...,20,0.54438316822052,0.48540955781936646,-0.35793614387512207,-2.6439435482025146,-2.2860074043273926,80,60
random,Facts:  Alice is rude [PERIOD] Alice is fine [PERI...,51,0.3575371503829956,0.5695870518684387,3.2372562885284424,-2.6439435482025146,-5.881199836730957,80,45
hard,Facts:  Alice is rude [PERIOD] Alice is fine [PERI...,60,0.22205711901187897,0.635984480381012,2.9611871242523193,-2.6439435482025146,-5.605130672454834,80,95
near_miss,Facts:  Alice is mean [PERIOD] Alice is old-fashio...,27,0.7738577127456665,0.4554259777069092,1.700878381729126,-2.6726701259613037,-4.37354850769043,88,61
near_miss,Facts:  Alice is mean [PERIOD] Alice is old-fashio...,41,0.6464852690696716,0.4813482165336609,1.0615622997283936,-2.6726701259613037,-3.7342324256896973,88,47
near_miss,Facts:  Alice is mean [PERIOD] Alice is old-fashio...,28,0.4596696197986603,0.538824200630188,-0.021297931671142578,-2.6726701259613037,-2.651372194290161,88,60
random,Facts:  Alice is mean [PERIOD] Alice is old-fashio...,245,0.16478805243968964,0.7560365200042725,-0.28179097175598145,-2.6726701259613037,-2.3908791542053223,88,309
hard,Facts:  Alice is mean [PERIOD] Alice is old-fashio...,123,0.20406945049762726,0.6641622185707092,0.7901062965393066,-2.6726701259613037,-3.4627764225006104,88,170
near_miss,Facts:  Alice is intellectual [PERIOD] Alice is ol...,21,0.4478101134300232,0.6248798966407776,-0.993048906326294,-4.19805383682251,-3.205004930496216,33,12
near_miss,Facts:  Alice is intellectual [PERIOD] Alice is ol...,17,0.38926395773887634,0.5639752149581909,-0.5290770530700684,-4.19805383682251,-3.6689767837524414,33,16
random,Facts:  Alice is intellectual [PERIOD] Alice is ol...,18,0.4483289420604706,0.5256165862083435,2.514662265777588,-4.19805383682251,-6.712716102600098,33,42
hard,Facts:  Alice is intellectual [PERIOD] Alice is ol...,114,0.4714316129684448,0.6121639013290405,0.30362367630004883,-4.19805383682251,-4.501677513122559,33,145
near_miss,Facts:  Alice is thoughtful [PERIOD] Alice is tidy...,25,0.44888725876808167,0.566130518913269,-1.2355353832244873,-4.902682781219482,-3.667147397994995,37,12
near_miss,Facts:  Alice is thoughtful [PERIOD] Alice is tidy...,6,0.751569926738739,0.3683386445045471,1.4710588455200195,-4.902682781219482,-6.373741626739502,37,41
near_miss,Facts:  Alice is thoughtful [PERIOD] Alice is tidy...,17,0.3309434652328491,0.6074556708335876,0.7763738632202148,-4.902682781219482,-5.679056644439697,37,20
random,Facts:  Alice is thoughtful [PERIOD] Alice is tidy...,308,0.2197241187095642,0.825597882270813,-2.4124178886413574,-4.902682781219482,-2.490264892578125,37,342
hard,Facts:  Alice is thoughtful [PERIOD] Alice is tidy...,64,0.3149174451828003,0.6627177000045776,0.11238622665405273,-4.902682781219482,-5.015069007873535,37,96
near_miss,Facts:  Alice is aggressive [PERIOD] Alice is crue...,50,0.6526054739952087,0.42089715600013733,0.08895337581634521,-1.5991777181625366,-1.6881310939788818,236,186
near_miss,Facts:  Alice is aggressive [PERIOD] Alice is crue...,3,0.7775611281394958,0.3372673988342285,0.7287498712539673,-1.5991777181625366,-2.327927589416504,236,235
near_miss,Facts:  Alice is aggressive [PERIOD] Alice is crue...,35,0.5740064978599548,0.4645789563655853,-0.1456812620162964,-1.5991777181625366,-1.4534964561462402,236,201
random,Facts:  Alice is aggressive [PERIOD] Alice is crue...,180,0.18795719742774963,0.6610500812530518,3.656530499458313,-1.5991777181625366,-5.25570821762085,236,99
hard,Facts:  Alice is aggressive [PERIOD] Alice is crue...,158,0.2259795069694519,0.626167356967926,1.5171445608139038,-1.5991777181625366,-3.1163222789764404,236,199
near_miss,"Facts:  Alice is stormy [PERIOD]
Rules:
stormy [AN...",43,0.7386020421981812,0.3685929477214813,0.06496715545654297,-1.8352179527282715,-1.9001851081848145,174,131
near_miss,"Facts:  Alice is stormy [PERIOD]
Rules:
stormy [AN...",32,0.5960845351219177,0.45026981830596924,-0.3414621353149414,-1.8352179527282715,-1.49375581741333,174,142
near_miss,"Facts:  Alice is stormy [PERIOD]
Rules:
stormy [AN...",65,0.6955873370170593,0.41233330965042114,0.16716551780700684,-1.8352179527282715,-2.0023834705352783,174,109
random,"Facts:  Alice is stormy [PERIOD]
Rules:
stormy [AN...",376,0.13953977823257446,0.7464470863342285,-0.12325286865234375,-1.8352179527282715,-1.7119650840759277,174,483
hard,"Facts:  Alice is stormy [PERIOD]
Rules:
stormy [AN...",146,0.38976284861564636,0.5665578246116638,1.2765569686889648,-1.8352179527282715,-3.1117749214172363,174,250
near_miss,Facts:  Alice is muddy [PERIOD] Alice is different...,51,0.6984981298446655,0.3993391990661621,0.009987711906433105,-1.748585820198059,-1.7585735321044922,192,141
near_miss,Facts:  Alice is muddy [PERIOD] Alice is different...,6,0.8946955800056458,0.23271451890468597,0.6432043313980103,-1.748585820198059,-2.3917901515960693,192,196
near_miss,Facts:  Alice is muddy [PERIOD] Alice is different...,42,0.4754180610179901,0.5290985107421875,0.36666905879974365,-1.748585820198059,-2.1152548789978027,192,150
random,Facts:  Alice is muddy [PERIOD] Alice is different...,323,0.16538047790527344,0.7751851081848145,0.4342132806777954,-1.748585820198059,-2.1827991008758545,192,434
hard,Facts:  Alice is muddy [PERIOD] Alice is different...,154,0.1873798668384552,0.6625980138778687,1.368670105934143,-1.748585820198059,-3.117255926132202,192,248
near_miss,Facts:  Alice is thoughtless [PERIOD] Alice is gor...,20,0.47262144088745117,0.5560168623924255,0.09739232063293457,-3.1155996322631836,-3.212991952896118,71,51
near_miss,Facts:  Alice is thoughtless [PERIOD] Alice is gor...,46,0.5718541741371155,0.5669012665748596,1.8272571563720703,-3.1155996322631836,-4.942856788635254,71,25
near_miss,Facts:  Alice is thoughtless [PERIOD] Alice is gor...,20,0.5819380283355713,0.4719751477241516,-0.29416513442993164,-3.1155996322631836,-2.821434497833252,71,51
random,Facts:  Alice is thoughtless [PERIOD] Alice is gor...,160,0.17969383299350739,0.6967291831970215,0.8163435459136963,-3.1155996322631836,-3.93194317817688,71,210
hard,Facts:  Alice is thoughtless [PERIOD] Alice is gor...,64,0.25310829281806946,0.6256770491600037,1.1072049140930176,-3.1155996322631836,-4.222804546356201,71,111
near_miss,Facts:  Alice is amused [PERIOD] Alice is comforta...,20,0.5360804796218872,0.49575889110565186,-0.6559879779815674,-3.7023792266845703,-3.046391248703003,61,41
near_miss,Facts:  Alice is amused [PERIOD] Alice is comforta...,30,0.5272215008735657,0.5443825125694275,1.1358962059020996,-3.7023792266845703,-4.83827543258667,61,31
near_miss,Facts:  Alice is amused [PERIOD] Alice is comforta...,26,0.7048317193984985,0.5222303867340088,1.916466236114502,-3.7023792266845703,-5.618845462799072,61,35
random,Facts:  Alice is amused [PERIOD] Alice is comforta...,62,0.32957372069358826,0.6114543080329895,1.1477293968200684,-3.7023792266845703,-4.850108623504639,61,96
hard,Facts:  Alice is amused [PERIOD] Alice is comforta...,94,0.4847986400127411,0.5900819897651672,0.8673052787780762,-3.7023792266845703,-4.5696845054626465,61,146
near_miss,Facts:  Alice is quaint [PERIOD] Alice is cute [PE...,42,0.7575461268424988,0.4445858895778656,1.1885292530059814,-2.076866388320923,-3.2653956413269043,104,62
near_miss,Facts:  Alice is quaint [PERIOD] Alice is cute [PE...,41,0.6838144659996033,0.44825267791748047,0.8271937370300293,-2.076866388320923,-2.904060125350952,104,63
near_miss,Facts:  Alice is quaint [PERIOD] Alice is cute [PE...,29,0.5490100383758545,0.5246219038963318,0.1640934944152832,-2.076866388320923,-2.240959882736206,104,75
random,Facts:  Alice is quaint [PERIOD] Alice is cute [PE...,446,0.22225281596183777,0.7606266736984253,-0.3124849796295166,-2.076866388320923,-1.7643814086914062,104,530
hard,Facts:  Alice is quaint [PERIOD] Alice is cute [PE...,173,0.3146943151950836,0.6293060779571533,1.440934658050537,-2.076866388320923,-3.51780104637146,104,246
near_miss,Facts:  Alice is intellectual [PERIOD] Alice is th...,54,0.6000306010246277,0.45331618189811707,-0.0798654556274414,-2.0097179412841797,-1.9298524856567383,242,188
near_miss,Facts:  Alice is intellectual [PERIOD] Alice is th...,45,0.7273929715156555,0.37038636207580566,-0.4178965091705322,-2.0097179412841797,-1.5918214321136475,242,197
near_miss,Facts:  Alice is intellectual [PERIOD] Alice is th...,57,0.6825037598609924,0.39950087666511536,-0.11114943027496338,-2.0097179412841797,-1.8985685110092163,242,185
random,Facts:  Alice is intellectual [PERIOD] Alice is th...,170,0.14477212727069855,0.6561588048934937,2.566352367401123,-2.0097179412841797,-4.576070308685303,242,146
hard,Facts:  Alice is intellectual [PERIOD] Alice is th...,200,0.1209421157836914,0.7246321439743042,1.5024237632751465,-2.0097179412841797,-3.512141704559326,242,305
near_miss,Facts:  Alice is confused [PERIOD] Alice is anxiou...,55,0.6448529362678528,0.427573025226593,0.21481943130493164,-1.540634036064148,-1.7554534673690796,130,75
near_miss,Facts:  Alice is confused [PERIOD] Alice is anxiou...,42,0.5612480044364929,0.4710897207260132,0.4309781789779663,-1.540634036064148,-1.9716122150421143,130,88
near_miss,Facts:  Alice is confused [PERIOD] Alice is anxiou...,30,0.769639253616333,0.3556293845176697,0.04640519618988037,-1.540634036064148,-1.5870392322540283,130,100
random,Facts:  Alice is confused [PERIOD] Alice is anxiou...,510,0.10415369272232056,0.7881049513816833,-0.18045389652252197,-1.540634036064148,-1.360180139541626,130,606
hard,Facts:  Alice is confused [PERIOD] Alice is anxiou...,88,0.15785634517669678,0.6496741771697998,3.5389291048049927,-1.540634036064148,-5.079563140869141,130,125
near_miss,Facts:  Alice is frightened [PERIOD] Alice is perf...,33,0.5005565285682678,0.5178008079528809,0.7304136753082275,-2.7267813682556152,-3.4571950435638428,88,55
near_miss,Facts:  Alice is frightened [PERIOD] Alice is perf...,33,0.6964367628097534,0.40538281202316284,0.7366476058959961,-2.7267813682556152,-3.4634289741516113,88,55
near_miss,Facts:  Alice is frightened [PERIOD] Alice is perf...,23,0.5792974233627319,0.4690213203430176,-0.4546632766723633,-2.7267813682556152,-2.272118091583252,88,65
random,Facts:  Alice is frightened [PERIOD] Alice is perf...,586,0.1411457061767578,0.860679566860199,-1.3158830404281616,-2.7267813682556152,-1.4108983278274536,88,664
hard,Facts:  Alice is frightened [PERIOD] Alice is perf...,228,0.38044869899749756,0.6824308037757874,-0.18436312675476074,-2.7267813682556152,-2.5424182415008545,88,304
near_miss,Facts:  Alice is sleepy [PERIOD] Alice is differen...,36,0.6777929663658142,0.4221949577331543,0.06630373001098633,-1.9029921293258667,-1.969295859336853,135,99
near_miss,Facts:  Alice is sleepy [PERIOD] Alice is differen...,6,0.5729232430458069,0.46409308910369873,0.9235233068466187,-1.9029921293258667,-2.8265154361724854,135,139
near_miss,Facts:  Alice is sleepy [PERIOD] Alice is differen...,48,0.7185600399971008,0.41035354137420654,0.1953355073928833,-1.9029921293258667,-2.09832763671875,135,87
random,Facts:  Alice is sleepy [PERIOD] Alice is differen...,181,0.10757379978895187,0.7090548276901245,0.7875903844833374,-1.9029921293258667,-2.690582513809204,135,249
hard,Facts:  Alice is sleepy [PERIOD] Alice is differen...,83,0.12585139274597168,0.6638853549957275,3.3229490518569946,-1.9029921293258667,-5.225941181182861,135,99
near_miss,Facts:  Alice is tense [PERIOD] Alice is ambitious...,34,0.5085951685905457,0.5257452726364136,0.6182352304458618,-1.884390950202942,-2.5026261806488037,156,122
near_miss,Facts:  Alice is tense [PERIOD] Alice is ambitious...,3,0.8391309380531311,0.2853509187698364,0.39749372005462646,-1.884390950202942,-2.2818846702575684,156,155
near_miss,Facts:  Alice is tense [PERIOD] Alice is ambitious...,32,0.638132631778717,0.4301455020904541,0.25686848163604736,-1.884390950202942,-2.1412594318389893,156,124
random,Facts:  Alice is tense [PERIOD] Alice is ambitious...,306,0.16776813566684723,0.7169461250305176,0.20480430126190186,-1.884390950202942,-2.0891952514648438,156,415
hard,Facts:  Alice is tense [PERIOD] Alice is ambitious...,100,0.23593901097774506,0.6273729205131531,2.1653541326522827,-1.884390950202942,-4.049745082855225,156,159
near_miss,Facts:  Alice is wide-eyed [PERIOD] Alice is famou...,43,0.7476199269294739,0.3603520691394806,0.17385649681091309,-2.1384761333465576,-2.3123326301574707,184,141
near_miss,Facts:  Alice is wide-eyed [PERIOD] Alice is famou...,39,0.7489864826202393,0.35860612988471985,-0.04446053504943848,-2.1384761333465576,-2.094015598297119,184,145
near_miss,Facts:  Alice is wide-eyed [PERIOD] Alice is famou...,51,0.657509982585907,0.4162174463272095,0.11719322204589844,-2.1384761333465576,-2.255669355392456,184,133
random,Facts:  Alice is wide-eyed [PERIOD] Alice is famou...,325,0.2158951461315155,0.6925517320632935,-0.12434601783752441,-2.1384761333465576,-2.014130115509033,184,428
hard,Facts:  Alice is wide-eyed [PERIOD] Alice is famou...,143,0.3267627954483032,0.5914791226387024,1.7641844749450684,-2.1384761333465576,-3.902660608291626,184,197
near_miss,Facts:  Alice is intellectual [PERIOD] Alice is co...,20,0.38846778869628906,0.5572924017906189,-0.4535818099975586,-3.171788215637207,-2.7182064056396484,54,34
near_miss,Facts:  Alice is intellectual [PERIOD] Alice is co...,27,0.5669600963592529,0.5182099342346191,1.8971638679504395,-3.171788215637207,-5.0689520835876465,54,27
near_miss,Facts:  Alice is intellectual [PERIOD] Alice is co...,22,0.7421296238899231,0.46694737672805786,2.1589174270629883,-3.171788215637207,-5.330705642700195,54,32
random,Facts:  Alice is intellectual [PERIOD] Alice is co...,179,0.29832321405410767,0.7269766330718994,0.5632264614105225,-3.171788215637207,-3.7350146770477295,54,220
hard,Facts:  Alice is intellectual [PERIOD] Alice is co...,135,0.34411004185676575,0.7013341188430786,-0.10375094413757324,-3.171788215637207,-3.068037271499634,54,184
near_miss,Facts:  Alice is inquisitive [PERIOD] Alice is joy...,38,0.42214852571487427,0.5688108205795288,0.21959972381591797,-2.7760870456695557,-2.9956867694854736,119,81
near_miss,Facts:  Alice is inquisitive [PERIOD] Alice is joy...,30,0.5289281606674194,0.5188299417495728,0.4056966304779053,-2.7760870456695557,-3.181783676147461,119,89
near_miss,Facts:  Alice is inquisitive [PERIOD] Alice is joy...,37,0.723255455493927,0.44344061613082886,0.23349404335021973,-2.7760870456695557,-3.0095810890197754,119,82
random,Facts:  Alice is inquisitive [PERIOD] Alice is joy...,85,0.19598771631717682,0.6604160070419312,3.926114797592163,-2.7760870456695557,-6.702201843261719,119,46
hard,Facts:  Alice is inquisitive [PERIOD] Alice is joy...,178,0.23619700968265533,0.6831901669502258,0.453228235244751,-2.7760870456695557,-3.2293152809143066,119,254
near_miss,Facts:  Alice is polite [PERIOD] Alice is attentiv...,40,0.7488008141517639,0.3697558641433716,0.05020487308502197,-1.9243159294128418,-1.9745208024978638,161,121
near_miss,Facts:  Alice is polite [PERIOD] Alice is attentiv...,29,0.6629681587219238,0.4188455641269684,-0.08854985237121582,-1.9243159294128418,-1.835766077041626,161,132
near_miss,Facts:  Alice is polite [PERIOD] Alice is attentiv...,44,0.6808899641036987,0.42528000473976135,0.3792562484741211,-1.9243159294128418,-2.303572177886963,161,117
random,Facts:  Alice is polite [PERIOD] Alice is attentiv...,128,0.1813916116952896,0.7258536219596863,4.004291534423828,-1.9243159294128418,-5.92860746383667,161,49
hard,Facts:  Alice is polite [PERIOD] Alice is attentiv...,263,0.22435300052165985,0.6596570611000061,0.5864505767822266,-1.9243159294128418,-2.5107665061950684,161,367
near_miss,Facts:  Alice is worrisome [PERIOD] Alice is lonel...,44,0.6414673924446106,0.42469900846481323,0.039733171463012695,-1.7495521306991577,-1.7892853021621704,195,151
near_miss,Facts:  Alice is worrisome [PERIOD] Alice is lonel...,51,0.6290167570114136,0.4391453266143799,0.09277594089508057,-1.7495521306991577,-1.8423280715942383,195,144
near_miss,Facts:  Alice is worrisome [PERIOD] Alice is lonel...,55,0.4982646107673645,0.506108283996582,0.2825409173965454,-1.7495521306991577,-2.032093048095703,195,140
random,Facts:  Alice is worrisome [PERIOD] Alice is lonel...,267,0.11383233964443207,0.7103368639945984,0.8990851640701294,-1.7495521306991577,-2.648637294769287,195,380
hard,Facts:  Alice is worrisome [PERIOD] Alice is lonel...,183,0.08586820960044861,0.6991032361984253,0.8637069463729858,-1.7495521306991577,-2.6132590770721436,195,264
near_miss,Facts:  Alice is scared [PERIOD] Alice is fragile ...,32,0.5711074471473694,0.4768202304840088,-0.18799245357513428,-1.5870888233184814,-1.3990963697433472,187,155
near_miss,Facts:  Alice is scared [PERIOD] Alice is fragile ...,52,0.6104877591133118,0.44505980610847473,0.16092073917388916,-1.5870888233184814,-1.7480095624923706,187,135
near_miss,Facts:  Alice is scared [PERIOD] Alice is fragile ...,38,0.6194204688072205,0.43966928124427795,0.15497195720672607,-1.5870888233184814,-1.7420607805252075,187,149
random,Facts:  Alice is scared [PERIOD] Alice is fragile ...,258,0.11521154642105103,0.7138184905052185,0.6711080074310303,-1.5870888233184814,-2.2581968307495117,187,353
hard,Facts:  Alice is scared [PERIOD] Alice is fragile ...,154,0.20915187895298004,0.6418566107749939,1.7921390533447266,-1.5870888233184814,-3.379227876663208,187,220
near_miss,Facts:  Alice is hilarious [PERIOD] Alice is nervo...,36,0.5223772525787354,0.4926171600818634,-0.10042810440063477,-2.4719386100769043,-2.3715105056762695,161,125
near_miss,Facts:  Alice is hilarious [PERIOD] Alice is nervo...,46,0.6839442253112793,0.4319203495979309,0.08170127868652344,-2.4719386100769043,-2.5536398887634277,161,115
near_miss,Facts:  Alice is hilarious [PERIOD] Alice is nervo...,35,0.6837241053581238,0.4028448462486267,-0.2702813148498535,-2.4719386100769043,-2.201657295227051,161,126
random,Facts:  Alice is hilarious [PERIOD] Alice is nervo...,487,0.08975423127412796,0.7768271565437317,-0.6674457788467407,-2.4719386100769043,-1.8044928312301636,161,607
hard,Facts:  Alice is hilarious [PERIOD] Alice is nervo...,154,0.2521638572216034,0.6436802744865417,0.9723360538482666,-2.4719386100769043,-3.444274663925171,161,248
near_miss,Facts:  Alice is inexpensive [PERIOD] Alice is hil...,37,0.3919321596622467,0.6171005964279175,0.06642341613769531,-4.097867965698242,-4.1642913818359375,49,12
near_miss,Facts:  Alice is inexpensive [PERIOD] Alice is hil...,17,0.38275080919265747,0.5995362401008606,-1.3829774856567383,-4.097867965698242,-2.714890480041504,49,32
random,Facts:  Alice is inexpensive [PERIOD] Alice is hil...,493,0.12710362672805786,0.8456698656082153,-2.4123871326446533,-4.097867965698242,-1.6854808330535889,49,538
hard,Facts:  Alice is inexpensive [PERIOD] Alice is hil...,129,0.2182827740907669,0.7349898815155029,-0.6646678447723389,-4.097867965698242,-3.4332001209259033,49,170
near_miss,"Facts:  Alice is disgusted [PERIOD]
Rules:
helpful...",28,0.7608038187026978,0.3646884858608246,-0.036138176918029785,-1.769862413406372,-1.7337242364883423,105,77
near_miss,"Facts:  Alice is disgusted [PERIOD]
Rules:
helpful...",37,0.66420978307724,0.41222912073135376,-0.09770667552947998,-1.769862413406372,-1.672155737876892,105,68
near_miss,"Facts:  Alice is disgusted [PERIOD]
Rules:
helpful...",29,0.720838725566864,0.4043327867984772,-0.6614019870758057,-1.769862413406372,-1.1084604263305664,105,76
random,"Facts:  Alice is disgusted [PERIOD]
Rules:
helpful...",291,0.10169172286987305,0.7633437514305115,0.9278943538665771,-1.769862413406372,-2.697756767272949,105,370
hard,"Facts:  Alice is disgusted [PERIOD]
Rules:
helpful...",91,0.23213160037994385,0.634752094745636,2.4206631183624268,-1.769862413406372,-4.190525531768799,105,145
near_miss,Facts:  Alice is impartial [PERIOD] Alice is crowd...,59,0.5017289519309998,0.5236372947692871,0.3613555431365967,-1.3806395530700684,-1.741995096206665,136,77
near_miss,Facts:  Alice is impartial [PERIOD] Alice is crowd...,41,0.4359174072742462,0.5317917466163635,0.2305518388748169,-1.3806395530700684,-1.6111913919448853,136,95
near_miss,Facts:  Alice is impartial [PERIOD] Alice is crowd...,44,0.4965895712375641,0.502300500869751,0.06326770782470703,-1.3806395530700684,-1.4439072608947754,136,92
random,Facts:  Alice is impartial [PERIOD] Alice is crowd...,252,0.12356587499380112,0.7120563387870789,1.366833209991455,-1.3806395530700684,-2.7474727630615234,136,337
hard,Facts:  Alice is impartial [PERIOD] Alice is crowd...,235,0.12660883367061615,0.7355141043663025,0.24786841869354248,-1.3806395530700684,-1.6285079717636108,136,327
near_miss,Facts:  Alice is nervous [PERIOD] Alice is quaint ...,29,0.7352820038795471,0.38000091910362244,-0.22239470481872559,-2.7211287021636963,-2.4987339973449707,81,52
near_miss,Facts:  Alice is nervous [PERIOD] Alice is quaint ...,30,0.3657397925853729,0.5656608939170837,-0.036081552505493164,-2.7211287021636963,-2.685047149658203,81,51
near_miss,Facts:  Alice is nervous [PERIOD] Alice is quaint ...,23,0.4985189437866211,0.5014398694038391,-1.006740689277649,-2.7211287021636963,-1.7143880128860474,81,58
random,Facts:  Alice is nervous [PERIOD] Alice is quaint ...,302,0.13262119889259338,0.7804766893386841,-0.2651360034942627,-2.7211287021636963,-2.4559926986694336,81,368
hard,Facts:  Alice is nervous [PERIOD] Alice is quaint ...,427,0.12157535552978516,0.807845950126648,-0.8893613815307617,-2.7211287021636963,-1.8317673206329346,81,504
near_miss,Facts:  Alice is exuberant [PERIOD] Alice is muddy...,42,0.8911177515983582,0.24869760870933533,0.08729064464569092,-1.5482559204101562,-1.6355465650558472,271,229
near_miss,Facts:  Alice is exuberant [PERIOD] Alice is muddy...,6,0.9403790831565857,0.17727963626384735,0.4060192108154297,-1.5482559204101562,-1.954275131225586,271,275
near_miss,Facts:  Alice is exuberant [PERIOD] Alice is muddy...,65,0.8901569247245789,0.25350889563560486,0.2707749605178833,-1.5482559204101562,-1.8190308809280396,271,206
random,Facts:  Alice is exuberant [PERIOD] Alice is muddy...,370,0.12876157462596893,0.7522459626197815,0.3825334310531616,-1.5482559204101562,-1.9307893514633179,271,501
hard,Facts:  Alice is exuberant [PERIOD] Alice is muddy...,285,0.10774702578783035,0.712304949760437,0.3960247039794922,-1.5482559204101562,-1.9442806243896484,271,394
near_miss,Facts:  Alice is talkative [PERIOD] Alice is fragi...,32,0.5339658856391907,0.4843297600746155,0.3871769905090332,-2.1236844062805176,-2.510861396789551,166,134
near_miss,Facts:  Alice is talkative [PERIOD] Alice is fragi...,36,0.5059478282928467,0.5055341720581055,0.18765878677368164,-2.1236844062805176,-2.311343193054199,166,130
near_miss,Facts:  Alice is talkative [PERIOD] Alice is fragi...,43,0.4702361822128296,0.5153798460960388,0.467529296875,-2.1236844062805176,-2.5912137031555176,166,123
random,Facts:  Alice is talkative [PERIOD] Alice is fragi...,311,0.023018071427941322,0.7973589301109314,-0.44336140155792236,-2.1236844062805176,-1.6803230047225952,166,414
hard,Facts:  Alice is talkative [PERIOD] Alice is fragi...,162,0.19630557298660278,0.6648159027099609,1.071455955505371,-2.1236844062805176,-3.1951403617858887,166,244
near_miss,Facts:  Alice is average [PERIOD] Alice is bossy [...,31,0.84937983751297,0.30842193961143494,0.0689845085144043,-2.114535093307495,-2.1835196018218994,174,143
near_miss,Facts:  Alice is average [PERIOD] Alice is bossy [...,43,0.805058479309082,0.3271653652191162,0.24226021766662598,-2.114535093307495,-2.356795310974121,174,131
near_miss,Facts:  Alice is average [PERIOD] Alice is bossy [...,29,0.732423722743988,0.3688037097454071,-0.3155585527420044,-2.114535093307495,-1.7989765405654907,174,145
random,Facts:  Alice is average [PERIOD] Alice is bossy [...,137,0.13351605832576752,0.6691383719444275,3.627614736557007,-2.114535093307495,-5.742149829864502,174,50
hard,Facts:  Alice is average [PERIOD] Alice is bossy [...,149,0.17006301879882812,0.6878634691238403,1.3577497005462646,-2.114535093307495,-3.4722847938537598,174,227
near_miss,Facts:  Alice is serious [PERIOD] Alice is mean [P...,36,0.5388830304145813,0.4883531630039215,0.12123322486877441,-2.3128931522369385,-2.434126377105713,167,131
near_miss,Facts:  Alice is serious [PERIOD] Alice is mean [P...,52,0.8181024789810181,0.32634681463241577,0.40567708015441895,-2.3128931522369385,-2.7185702323913574,167,115
near_miss,Facts:  Alice is serious [PERIOD] Alice is mean [P...,50,0.7157274484634399,0.40256935358047485,0.2686290740966797,-2.3128931522369385,-2.581522226333618,167,117
random,Facts:  Alice is serious [PERIOD] Alice is mean [P...,265,0.1705971658229828,0.6945580244064331,0.8745629787445068,-2.3128931522369385,-3.1874561309814453,167,363
hard,Facts:  Alice is serious [PERIOD] Alice is mean [P...,107,0.18983396887779236,0.6407121419906616,3.267878770828247,-2.3128931522369385,-5.5807719230651855,167,108
near_miss,Facts:  Alice is innocent [PERIOD] Alice is unplea...,41,0.7795009016990662,0.3790702819824219,0.437038779258728,-1.7039645910263062,-2.141003370285034,112,71
near_miss,Facts:  Alice is innocent [PERIOD] Alice is unplea...,32,0.5854158401489258,0.48840323090553284,1.1167291402816772,-1.7039645910263062,-2.8206937313079834,112,80
near_miss,Facts:  Alice is innocent [PERIOD] Alice is unplea...,26,0.5722662210464478,0.4675458073616028,-0.39330434799194336,-1.7039645910263062,-1.3106602430343628,112,86
random,Facts:  Alice is innocent [PERIOD] Alice is unplea...,321,0.16281941533088684,0.7347848415374756,0.047156572341918945,-1.7039645910263062,-1.751121163368225,112,407
hard,Facts:  Alice is innocent [PERIOD] Alice is unplea...,84,0.4109530448913574,0.5588782429695129,2.5695663690567017,-1.7039645910263062,-4.273530960083008,112,159
near_miss,Facts:  Alice is bored [PERIOD] Alice is strange [...,30,0.5176699757575989,0.504376232624054,0.2544991970062256,-2.5376412868499756,-2.792140483856201,126,96
near_miss,Facts:  Alice is bored [PERIOD] Alice is strange [...,6,0.7426140904426575,0.3618485927581787,0.615790843963623,-2.5376412868499756,-3.1534321308135986,126,130
near_miss,Facts:  Alice is bored [PERIOD] Alice is strange [...,26,0.6079862117767334,0.45292216539382935,0.08597350120544434,-2.5376412868499756,-2.62361478805542,126,100
random,Facts:  Alice is bored [PERIOD] Alice is strange [...,179,0.20910808444023132,0.6975494623184204,0.4593780040740967,-2.5376412868499756,-2.9970192909240723,126,246
hard,Facts:  Alice is bored [PERIOD] Alice is strange [...,173,0.32228586077690125,0.6491096019744873,0.35723376274108887,-2.5376412868499756,-2.8948750495910645,126,253
near_miss,"Facts:  Alice is attractive [PERIOD]
Rules:
wander...",23,0.385206401348114,0.5898043513298035,-0.987234354019165,-4.513405799865723,-3.5261714458465576,35,12
near_miss,"Facts:  Alice is attractive [PERIOD]
Rules:
wander...",17,0.34454724192619324,0.5950750708580017,0.416534423828125,-4.513405799865723,-4.929940223693848,35,18
random,"Facts:  Alice is attractive [PERIOD]
Rules:
wander...",200,0.20318377017974854,0.7528557777404785,-0.9776034355163574,-4.513405799865723,-3.5358023643493652,35,233
hard,"Facts:  Alice is attractive [PERIOD]
Rules:
wander...",67,0.3585141599178314,0.6136433482170105,0.9709296226501465,-4.513405799865723,-5.484335422515869,35,102
near_miss,Facts:  Alice is old-fashioned [PERIOD] Alice is q...,20,0.4225511848926544,0.5383788347244263,-0.5630147457122803,-3.0120999813079834,-2.449085235595703,74,54
near_miss,Facts:  Alice is old-fashioned [PERIOD] Alice is q...,6,0.7485694885253906,0.3576253056526184,1.1952779293060303,-3.0120999813079834,-4.207377910614014,74,78
near_miss,Facts:  Alice is old-fashioned [PERIOD] Alice is q...,31,0.5553027987480164,0.5477184057235718,1.1744115352630615,-3.0120999813079834,-4.186511516571045,74,43
random,Facts:  Alice is old-fashioned [PERIOD] Alice is q...,47,0.307866632938385,0.5891308188438416,2.328681707382202,-3.0120999813079834,-5.3407816886901855,74,42
hard,Facts:  Alice is old-fashioned [PERIOD] Alice is q...,330,0.2243703007698059,0.7571832537651062,-0.9200785160064697,-3.0120999813079834,-2.0920214653015137,74,394
near_miss,Facts:  Alice is inexpensive [PERIOD] Alice is car...,26,0.6701021194458008,0.41733431816101074,0.20992708206176758,-3.1488006114959717,-3.3587276935577393,81,55
near_miss,Facts:  Alice is inexpensive [PERIOD] Alice is car...,35,0.4848129153251648,0.5146735906600952,0.5538618564605713,-3.1488006114959717,-3.702662467956543,81,46
near_miss,Facts:  Alice is inexpensive [PERIOD] Alice is car...,28,0.4498150050640106,0.5329785943031311,0.6729874610900879,-3.1488006114959717,-3.8217880725860596,81,53
random,Facts:  Alice is inexpensive [PERIOD] Alice is car...,328,0.16531866788864136,0.7708490490913391,-1.1025307178497314,-3.1488006114959717,-2.0462698936462402,81,393
hard,Facts:  Alice is inexpensive [PERIOD] Alice is car...,126,0.25651422142982483,0.6451941728591919,0.591238260269165,-3.1488006114959717,-3.7400388717651367,81,188
near_miss,Facts:  Alice is distinct [PERIOD] Alice is tame [...,29,0.5967384576797485,0.466977596282959,-0.23415791988372803,-1.967400312423706,-1.733242392539978,148,119
near_miss,Facts:  Alice is distinct [PERIOD] Alice is tame [...,45,0.5897687673568726,0.4686892628669739,0.3300328254699707,-1.967400312423706,-2.2974331378936768,148,103
near_miss,Facts:  Alice is distinct [PERIOD] Alice is tame [...,37,0.6343010663986206,0.4571134150028229,0.38600587844848633,-1.967400312423706,-2.3534061908721924,148,111
random,Facts:  Alice is distinct [PERIOD] Alice is tame [...,202,0.24464909732341766,0.6596261858940125,0.902838945388794,-1.967400312423706,-2.8702392578125,148,280
hard,Facts:  Alice is distinct [PERIOD] Alice is tame [...,105,0.26038452982902527,0.6091695427894592,2.5445425510406494,-1.967400312423706,-4.5119428634643555,148,152
near_miss,Facts:  Alice is hypocritical [PERIOD] Alice is wr...,17,0.29068970680236816,0.5966464281082153,-0.9806315898895264,-3.5045723915100098,-2.5239408016204834,37,20
near_miss,Facts:  Alice is hypocritical [PERIOD] Alice is wr...,25,0.4220457971096039,0.606336236000061,0.34241437911987305,-3.5045723915100098,-3.846986770629883,37,12
random,Facts:  Alice is hypocritical [PERIOD] Alice is wr...,25,0.44015058875083923,0.5303668975830078,3.415844440460205,-3.5045723915100098,-6.920416831970215,37,46
hard,Facts:  Alice is hypocritical [PERIOD] Alice is wr...,195,0.36387932300567627,0.6964672803878784,0.05646872520446777,-3.5045723915100098,-3.5610411167144775,37,227
near_miss,Facts:  Alice is selfish [PERIOD] Alice is mean [P...,17,0.4416138827800751,0.6772889494895935,2.709383487701416,-5.476226329803467,-8.185609817504883,29,12
near_miss,Facts:  Alice is selfish [PERIOD] Alice is mean [P...,17,0.39792490005493164,0.6101323366165161,-1.9642083644866943,-5.476226329803467,-3.5120179653167725,29,12
random,Facts:  Alice is selfish [PERIOD] Alice is mean [P...,124,0.39504197239875793,0.6778082251548767,-2.2574422359466553,-5.476226329803467,-3.2187840938568115,29,151
hard,Facts:  Alice is selfish [PERIOD] Alice is mean [P...,65,0.35771268606185913,0.6067924499511719,-0.9675116539001465,-5.476226329803467,-4.50871467590332,29,91
near_miss,Facts:  Alice is tired [PERIOD] Alice is bossy [PE...,23,0.1381915658712387,0.7588624358177185,-1.019195556640625,-2.714869976043701,-1.6956744194030762,75,52
near_miss,Facts:  Alice is tired [PERIOD] Alice is bossy [PE...,30,0.5203402638435364,0.49993476271629333,0.6917548179626465,-2.714869976043701,-3.4066247940063477,75,45
near_miss,Facts:  Alice is tired [PERIOD] Alice is bossy [PE...,27,0.6866577863693237,0.4188898503780365,0.7188498973846436,-2.714869976043701,-3.4337198734283447,75,48
random,Facts:  Alice is tired [PERIOD] Alice is bossy [PE...,463,0.18270735442638397,0.8014556765556335,-0.8042126893997192,-2.714869976043701,-1.910657286643982,75,529
hard,Facts:  Alice is tired [PERIOD] Alice is bossy [PE...,113,0.28700706362724304,0.6561971306800842,0.9212782382965088,-2.714869976043701,-3.63614821434021,75,168
near_miss,Facts:  Alice is average [PERIOD] Alice is thought...,33,0.3424541652202606,0.6665374636650085,0.04336345195770264,-1.8853254318237305,-1.928688883781433,162,129
near_miss,Facts:  Alice is average [PERIOD] Alice is thought...,3,0.7203809022903442,0.3750499188899994,0.9814283847808838,-1.8853254318237305,-2.8667538166046143,162,161
near_miss,Facts:  Alice is average [PERIOD] Alice is thought...,52,0.39251163601875305,0.5791827440261841,0.37589025497436523,-1.8853254318237305,-2.2612156867980957,162,110
random,Facts:  Alice is average [PERIOD] Alice is thought...,206,0.09308979660272598,0.6855573654174805,0.7377753257751465,-1.8853254318237305,-2.623100757598877,162,291
hard,Facts:  Alice is average [PERIOD] Alice is thought...,133,0.19662292301654816,0.6440160274505615,1.5965089797973633,-1.8853254318237305,-3.4818344116210938,162,196
near_miss,"Facts:  Alice is anxious [PERIOD]
Rules:
broad-min...",50,0.82220458984375,0.3826074004173279,0.43613624572753906,-2.3399455547332764,-2.7760818004608154,122,72
near_miss,"Facts:  Alice is anxious [PERIOD]
Rules:
broad-min...",26,0.7028288841247559,0.3884526789188385,-0.14517784118652344,-2.3399455547332764,-2.194767713546753,122,96
near_miss,"Facts:  Alice is anxious [PERIOD]
Rules:
broad-min...",33,0.7844679355621338,0.38006460666656494,0.2516181468963623,-2.3399455547332764,-2.5915637016296387,122,89
random,"Facts:  Alice is anxious [PERIOD]
Rules:
broad-min...",263,0.2095572054386139,0.7446884512901306,0.4659264087677002,-2.3399455547332764,-2.8058719635009766,122,361
hard,"Facts:  Alice is anxious [PERIOD]
Rules:
broad-min...",89,0.19172272086143494,0.673069179058075,1.6678731441497803,-2.3399455547332764,-4.007818698883057,122,150
near_miss,Facts:  Alice is difficult [PERIOD] Alice is disho...,35,0.6546472311019897,0.4226554036140442,-0.443056583404541,-2.148350715637207,-1.705294132232666,204,169
near_miss,Facts:  Alice is difficult [PERIOD] Alice is disho...,54,0.574237048625946,0.46253833174705505,-0.15797996520996094,-2.148350715637207,-1.990370750427246,204,150
near_miss,Facts:  Alice is difficult [PERIOD] Alice is disho...,37,0.6393795013427734,0.42796167731285095,-0.2665642499923706,-2.148350715637207,-1.8817864656448364,204,167
random,Facts:  Alice is difficult [PERIOD] Alice is disho...,352,0.12812058627605438,0.7608768939971924,-0.6892820596694946,-2.148350715637207,-1.4590686559677124,204,465
hard,Facts:  Alice is difficult [PERIOD] Alice is disho...,185,0.11304405331611633,0.7065829038619995,0.7459056377410889,-2.148350715637207,-2.894256353378296,204,281
near_miss,Facts:  Alice is bossy [PERIOD] Alice is grumpy [P...,32,0.36914151906967163,0.597657322883606,-0.5475115776062012,-4.163275718688965,-3.6157641410827637,44,12
near_miss,Facts:  Alice is bossy [PERIOD] Alice is grumpy [P...,17,0.58700031042099,0.5553461313247681,0.2725982666015625,-4.163275718688965,-4.435873985290527,44,27
random,Facts:  Alice is bossy [PERIOD] Alice is grumpy [P...,26,0.38047343492507935,0.5949957370758057,1.1490774154663086,-4.163275718688965,-5.312353134155273,44,46
hard,Facts:  Alice is bossy [PERIOD] Alice is grumpy [P...,247,0.3922192454338074,0.7666915059089661,-1.4686660766601562,-4.163275718688965,-2.6946096420288086,44,289
near_miss,Facts:  Alice is wide-eyed [PERIOD] Alice is nervo...,43,0.5647343993186951,0.4671648144721985,-0.061218976974487305,-2.4899065494537354,-2.428687572479248,154,111
near_miss,Facts:  Alice is wide-eyed [PERIOD] Alice is nervo...,35,0.7156988382339478,0.38536617159843445,-0.06437301635742188,-2.4899065494537354,-2.4255335330963135,154,119
near_miss,Facts:  Alice is wide-eyed [PERIOD] Alice is nervo...,38,0.6529269218444824,0.422455370426178,-0.08146095275878906,-2.4899065494537354,-2.4084455966949463,154,116
random,Facts:  Alice is wide-eyed [PERIOD] Alice is nervo...,424,0.11948779970407486,0.6929415464401245,-0.7590018510818481,-2.4899065494537354,-1.7309046983718872,154,532
hard,Facts:  Alice is wide-eyed [PERIOD] Alice is nervo...,170,0.12155597656965256,0.6627990007400513,1.1791679859161377,-2.4899065494537354,-3.669074535369873,154,247
near_miss,Facts:  Alice is attractive [PERIOD] Alice is witt...,17,0.23151686787605286,0.6702713966369629,0.9727954864501953,-4.6687211990356445,-5.64151668548584,30,13
near_miss,Facts:  Alice is attractive [PERIOD] Alice is witt...,18,0.40763428807258606,0.5891939401626587,-1.0548372268676758,-4.6687211990356445,-3.6138839721679688,30,12
random,Facts:  Alice is attractive [PERIOD] Alice is witt...,25,0.3872504234313965,0.567277729511261,1.4860029220581055,-4.6687211990356445,-6.15472412109375,30,46
hard,Facts:  Alice is attractive [PERIOD] Alice is witt...,251,0.2470712661743164,0.8014698028564453,-1.8329615592956543,-4.6687211990356445,-2.8357596397399902,30,281
near_miss,Facts:  Alice is alert [PERIOD] Alice is fine [PER...,56,0.7240551710128784,0.4180440604686737,0.3891754150390625,-2.1113035678863525,-2.500478982925415,209,153
near_miss,Facts:  Alice is alert [PERIOD] Alice is fine [PER...,6,0.8719608187675476,0.2551117241382599,0.9674928188323975,-2.1113035678863525,-3.07879638671875,209,213
near_miss,Facts:  Alice is alert [PERIOD] Alice is fine [PER...,29,0.6545776128768921,0.43216755986213684,0.11780714988708496,-2.1113035678863525,-2.2291107177734375,209,180
random,Facts:  Alice is alert [PERIOD] Alice is fine [PER...,190,0.14684553444385529,0.6971497535705566,0.4000356197357178,-2.1113035678863525,-2.5113391876220703,209,267
hard,Facts:  Alice is alert [PERIOD] Alice is fine [PER...,138,0.19772310554981232,0.6372659206390381,2.237347364425659,-2.1113035678863525,-4.348650932312012,209,141
near_miss,Facts:  Alice is straightforward [PERIOD] Alice is...,30,0.5652238130569458,0.5879097580909729,1.1180200576782227,-3.296536445617676,-4.414556503295898,69,39
near_miss,Facts:  Alice is straightforward [PERIOD] Alice is...,20,0.5373125672340393,0.4973263442516327,-0.5099143981933594,-3.296536445617676,-2.7866220474243164,69,49
near_miss,Facts:  Alice is straightforward [PERIOD] Alice is...,34,0.6056631803512573,0.4832828938961029,0.7197027206420898,-3.296536445617676,-4.016239166259766,69,35
random,Facts:  Alice is straightforward [PERIOD] Alice is...,308,0.2926475405693054,0.7609533667564392,-0.717052698135376,-3.296536445617676,-2.5794837474823,69,360
hard,Facts:  Alice is straightforward [PERIOD] Alice is...,164,0.3493581712245941,0.652552604675293,0.33083343505859375,-3.296536445617676,-3.6273698806762695,69,227
